eggshoisdhvckuhfkjhf jksdhf jkdslhf dsjkhfjksdhfkjldshfj;instructions
test;test
another recipe 1;eoinfiowfn
another recipe 2;eoifnwoicv
eggshoisdhvckuhfkjhf jksdhf jkdslhf dsjkhfjksdhfkjldshfj;instructions
test;test
another recipe 1;eoinfiowfn
another recipe 2;eoifnwoicv
eggshoisdhvckuhfkjhf jksdhf jkdslhf dsjkhfjksdhfkjldshfj;instructions
test;test
another recipe 1;eoinfiowfn
another recipe 2;eoifnwoicv
eggshoisdhvckuhfkjhf jksdhf jkdslhf dsjkhfjksdhfkjldshfj;instructions
test;test
another recipe 1;eoinfiowfn
another recipe 2;eoifnwoicv
